<titre>|<auteurs>|<editeur>|<annee/copyright>|<isbn-10>|<isbn-13>|<lang>|<cote>
13m28|(nombreux auteurs)|manolosanctis|||9782359760057|fr|
28 Jours Plus Tard (01) Selena|Nelson, Shalvey|Delcourt|||9782756021522|fr|
28 Jours Plus Tard (02) Clint|Nelson, Shalvey|Delcourt|||9782756023540|fr|
28 Jours Plus Tard (03) Derrick|Nelson, Shalvey, Aragon|Delcourt|||9782756025018|fr|
28 Jours Plus Tard (04) Capitaine Stiles|Nelson, Aragon, Salas|Delcourt|2011||9782756025582|fr|
28 Jours Plus Tard (05) Au bout du chemin|Nelson, Aragon, Peppino|Delcourt|2012||9782756028569|fr|
Aâma (01) L'odeur de la poussière chaude|Frederik Peeters|Gallimard|2011||9782070638109|fr|
Aberzen (1) Commencer par mourir|N'Guessan, Gibelin|Soleil|||9782845655201|fr|
Attaques Répertoriées|Max Brooks, Ibraim Roberson|Calmann-Lévy|||9782702140888|fr|
Asterios Polyp|David Mazzucchelli|Pantheon|2009||9780307377326|en|
Bill Baroud|Manu Larcenet|Fluide Glacial|||9782858153107|fr|
Blacksad - T1 Quelque part entre les ombres|Diaz Canales, Guarnido|Dargaud|||9782205049657|fr|
Blacksad - T2 Arctic-Nation|Diaz Canales, Guarnido|Dargaud|||9782205051995|fr|
Blacksad - T3 Âme Rouge|Diaz Canales, Guarnido|Dargaud|||9782205055641|fr|
Blacksad - T4 L'Enfer, le silence|Diaz Canales, Guarnido|Dargaud|||9782205063134|fr|
Blast - T1 Grasse Carcasse|Manu Larcenet|Dargaud|2009||9782205063974|fr|
Blast - T2 L'apocalypse selon Saint Jacky|Manu Larcenet|Dargaud|2011||9782205067590|fr|
Blast - T3 La tête la première|Manu Larcenet|Dargaud|2012||9782205071047|fr|
Blue Space (1)|Marazano, Lamquet|Glénat|||9782723470797|fr|
Boule et Bill (09) une vie de chien !|Roba|Dupuis||2800103140||fr|
Boule et Bill (20) Strip-Cocker|Roba|Dupuis|1984|2800110279|5410983202004|fr|
Boule et Bill (23) 'Faut rigoler|Roba|Dargaud|||9782871290636|fr|
Brit (1) Baroudeur|Kirkman, Moore, Rathburn|Delcourt|2011||9782756027043|fr|
Calvin et Hobbes (01) Adieu monde cruel !|Bill Watterson|Hors Collection|||9782258034310|fr|
Calvin et Hobbes (02) En avant tête de thon !|Bill Watterson|Hors Collection|||9782258034389|fr|
Calvin et Hobbes (03) On est fats comme des rats !|Bill Watterson|Hors Collection|||9782258034860|fr|
Calvin et Hobbes (04) Debout, tas de nouilles|Bill Watterson|Hors Collection|||9782258034877|fr|
Calvin et Hobbes (05) Fini de rire !|Bill Watterson|Hors Collection|||9782258036413|fr|
Calvin et Hobbes (06) Allez, on se tire !|Bill Watterson|Hors Collection|||9782258038394|fr|
Calvin et Hobbes (07) Que fait la police ?|Bill Watterson|Hors Collection|||9782258036429|fr|
Calvin et Hobbes (08) Elle est pas belle, la vie ?|Bill Watterson|Hors Collection|||9782258034329|fr|
Calvin et Hobbes (09) On n'arrête pas le progrès !|Bill Watterson|Hors Collection|||9782258000254|fr|
Calvin et Hobbes (10) Tous aux abris !|Bill Watterson|Hors Collection|||9782258039414|fr|
Calvin et Hobbes (11) Chou bi dou wouah !|Bill Watterson|Hors Collection|||9782258039421|fr|
CFSL.NET Café Salé Artbook (01) (dédicacé)|(nombreux auteurs)|Ankama Editions|||9782916739076|fr|
CFSL.NET Café Salé Artbook (02)|(nombreux auteurs)|Ankama Editions|||9782916739410|fr|
CFSL.NET Café Salé Artbook (03)|(nombreux auteurs)|Ankama Editions|||9782916739724|fr|
CFSL.NET Café Salé Artbook (04)|(nombreux auteurs)|Ankama Editions|||9782359470086|fr|
CFSL.NET Café Salé Artbook (05)|(nombreux auteurs)|Ankama Editions|||9782359470154|fr|
CFSL.NET Café Salé Artbook (06)|(nombreux auteurs)|Ankama Editions|2012||9782359470307|fr|
Colorisation de BD|Stéphane Baril & Naïts|Eyrolles|||9782212115086|fr|
Croisade - T1 Simoun Dja|Dufaux, Xavier|Le Lombard|||9782803623136|fr|
Cross Fire - T1 Opération Judas|J-L Sala, P-M Chan|Soleil|||9782845658356|fr|
Damocles - T1 Protection Rapprochée|Henriet, Callède|Dupuis|||9782800145211|fr|
Dans mon Open Space (01) Business Circus|James|Dargaud|||9782205059632|fr|
Dans mon Open Space (02) Jungle Fever|James|Dargaud|||9782205062083|fr|
Dans mon Open Space (03) Spéculation et sentiments|James|Dargaud|||9782205064568|fr|
Dans mon Open Space (04) Variable d'ajustement|James|Dargaud|2012||9782205066869|fr|
Daytripper|Fabio Moon, Gabriel Ba|Vertigo|2011||9781401229696|en|
Dieu en personne|Marc-Antoine Mathieu|Delcourt|||9782756014876|fr|
DMZ (1) Sur le Terrain|Brian Wood, Riccardo Burchielli|Panini  Comics|||9782809411928|fr|
DMZ (2) Le Corps d'un journaliste|Brian Wood, Riccardo Burchielli|Panini  Comics|||9782809401790|fr|
DMZ (3) Travaux publics|Brian Wood, Riccardo Burchielli|Panini  Comics|||9782809403466|fr|
Donjon Monsters - T1 Jean-Jean la terreur|Mazan, Joann Sfar, Lewis Trondheim|Delcourt|||9782840555964|fr|
Donjon Parade - T1 Un donjon de trop|Manu Larcenet, Joann Sfar, Lewis Trondheim|Delcourt|||9782840555728|fr|
Donjon Parade - T2 Le sage du ghetto|Manu Larcenet, Joann Sfar, Lewis Trondheim|Delcourt|||9782840556930|fr|
Donjon Parade - T3 Le jour des crapauds|Manu Larcenet, Joann Sfar, Lewis Trondheim|Delcourt|||9782840558217|fr|
Donjon Parade - T4 Des fleurs et des marmots|Manu Larcenet, Joann Sfar, Lewis Trondheim|Delcourt|||9782847894950|fr|
Donjon Zénith - T1 Coeur de Canard|Joann Sfar, Lewis Trondheim|Delcourt|||9782840551973|fr|
Donjon Zénith - T2 Le Roi de la bagarre|Joann Sfar, Lewis Trondheim|Delcourt|||9782840552499|fr|
Donjon Zénith - T3 La princesse des barbares|Joann Sfar, Lewis Trondheim|Delcourt|||9782840553137|fr|
Faire de la Bande Dessionée|Scott McCloud|Delcourt|||9782756009704|fr|
Forbidden Zone T1|MO/cdm|Fluide Glacial|||9782858153947|fr|
Forbidden Zone T2 La Théorie du Chaos|MO/cdm|Fluide Glacial|||9782858154364|fr|
FreakAngels (01)|Warren Ellis, Paul Duffield|Le Lombard|||9782803626984|fr|
FreakAngels (02)|Warren Ellis, Paul Duffield|Le Lombard|||9782803627370|fr|
FreakAngels (03)|Warren Ellis, Paul Duffield|Le Lombard|||9782803627912|fr|
FreakAngels (04)|Warren Ellis, Paul Duffield|Le Lombard|2011||9782803628131|fr|
FreakAngels (05)|Warren Ellis, Paul Duffield|Le Lombard|2011||9782803628568|fr|
Gaston (06) Des Gaffes et des Dégats|Franquin|Dupuis|1980|2800100885||fr|
Gaston (07) Un Gaffeur sachant Gaffer|Franquin|Dupuis|1979|2800100893||fr|
Gaston (08) Lagaffe nous Gâte|Franquin|Dupuis|1979|2800100907||fr|
Gaston (08) Lagaffe nous Gâte|Franquin|Dupuis|1989|2800100907|9782800100906|fr|
Gaston (09) Le Cas Lagaffe|Franquin|Dupuis|1971|2800100915||fr|
Gaston (10) Le Géant de la gaffe|Franquin|Dupuis|1972|2800100923||fr|
Gaston (11) Gaffes, Bévues et Boulettes|Franquin|Dupuis|1973|2800103302||fr|
Gaston (12) Le Gang des Gaffeurs|Franquin|Dupuis|1980|2800104007||fr|
Gaston (13) |Franquin|Dupuis|1998|2800126930|9782800126937|fr|
Gaston (13) Lagaffe Mérite des Baffes|Franquin|Dupuis|1979|2800106581||fr|
Gaston (19) |Franquin|Marsu Productions|1999|2912536316|9782912536310|fr|
Gaston (R1) Gala de Gaffes à Gogo|Franquin|Dupuis|1979|2800100931||fr|
Gaston (R2) Le Bureau des Gaffes en Gros|Franquin|Dupuis|1977|280010094X||fr|
Gaston (R3) Gare aux Gaffes du Gars Gonflé|Franquin, Jidehem|Dupuis|1980|2800103086||fr|
Gaston (R4) En Direct de La Gaffe|Franquin|Dupuis|1979|2800103701||fr|
Genetiks|Marazano, Ponzio|Futuropolis|2013||9782754807074|fr|
Gnomes de Troy|Arleston, Tarquin|Soleil|||9782877648912|fr|
Golden City (1) Pilleurs d'Epaves|Pecqueur, Malfin, Schelle & Rosa|Delcourt|||9782840552611|fr|
Golden City (2) Banks Contre Banks|Pecqueur, Malfin, Schelle & Rosa|Delcourt|||9782840554295|fr|
Golden City (3) Nuit Polaire|Pecqueur, Malfin, Schelle & Rosa|Delcourt|||9782840555483|fr|
Golden City (4) GOLDY|Pecqueur, Malfin, Schelle & Rosa|Delcourt|||9782840556640|fr|
Golden City (5) Le dossier Harrison|Pecqueur, Malfin, Schelle & Rosa|Delcourt|||9782840559313|fr|
Golden City (6) Jessica|Pecqueur, Malfin, Schelle & Rosa|Delcourt|||9782847893014|fr|
Golden City (7) Les enfants perdus|Pecqueur, Malfin, Schelle|Delcourt|2007/2011||9782756004907|fr|
Golden City (8) Les naufrages des abysses|Pecqueur, Malfin, Schelle|Delcourt|2009||9782756017334|fr|
Golden City (9) L'énigme Banks|Pecqueur, Malfin, Schelle|Delcourt|2011||9782756017334|fr|
Guide de la survie en entreprise|Manu Larcenet|Fluide Glacial|||9782858154340|fr|
Histoire de la musique en bandes dessinées (1)|Bernard Deyries, Denys Demery|Editions Francis Van de Velde|1978|2862990027||fr|
Histoire de la musique en bandes dessinées (2)|Bernard Deyries, Denys Demery, Michael Sadler|Editions Francis Van de Velde|1979|2862990043||fr|
Hunter X Hunter (01)|Yoshihiro Togashi|Kana|||9782871292661|fr|
Hunter X Hunter (02)|Yoshihiro Togashi|Kana|||9782871292678|fr|
Hunter X Hunter (03)|Yoshihiro Togashi|Kana|||9782871292685|fr|
Hunter X Hunter (04)|Yoshihiro Togashi|Kana|||9782871292692|fr|
Hunter X Hunter (05)|Yoshihiro Togashi|Kana|||9782871292708|fr|
Hunter X Hunter (06)|Yoshihiro Togashi|Kana|||9782871293217|fr|
Hunter X Hunter (07)|Yoshihiro Togashi|Kana|||9782871293224|fr|
Hunter X Hunter (08)|Yoshihiro Togashi|Kana|||9782871293231|fr|
Hunter X Hunter (09)|Yoshihiro Togashi|Kana|||9782871293248|fr|
Hunter X Hunter (10)|Yoshihiro Togashi|Kana|||9782871293255|fr|
Hunter X Hunter (11)|Yoshihiro Togashi|Kana|||9782871294023|fr|
Hunter X Hunter (12)|Yoshihiro Togashi|Kana|||9782871294153|fr|
Hunter X Hunter (13)|Yoshihiro Togashi|Kana|||9782871294290|fr|
Hunter X Hunter (14)|Yoshihiro Togashi|Kana|||9782871294429|fr|
Hunter X Hunter (15)|Yoshihiro Togashi|Kana|||9782871295099|fr|
Hunter X Hunter (16)|Yoshihiro Togashi|Kana|||9782871295365|fr|
Hunter X Hunter (17)|Yoshihiro Togashi|Kana|||9782871295624|fr|
Hunter X Hunter (18)|Yoshihiro Togashi|Kana|||9782871296850|fr|
Hunter X Hunter (19)|Yoshihiro Togashi|Kana|||9782871297277|fr|
Hunter X Hunter (20)|Yoshihiro Togashi|Kana|||9782871297819|fr|
Idees Noires|Franquin|Les albums Fluide Glacial|1981|||fr|
Idees Noires|Franquin|Les albums Fluide Glacial|1981|||fr|
Jack Palmer - Les disparus d'Apostrophes|Petillon|Dargaud||2205022350|9782205022353|fr|
Je suis Légion (01) Le Faune dansant|Fabien Nury, John Cassaday|Les humanoïdes associés|2007||9782731663020|fr|
Je suis Légion (02) Vlad|Fabien Nury, John Cassaday|Les humanoïdes associés|2006||9782731616613|fr|
Je suis Légion (03) Les trois singes|Fabien Nury, John Cassaday|Les humanoïdes associés|2007||9782731616620|fr|
Jim Henson's Tale of Sand|Jim Henson, Jerry Juhl|paquet|2012||9782888905479|fr|
Jour J - T1 Les Russes sur la Lune !|Duval, Pécau, Buchet|Delcourt|||9782756018669|fr|
Jour J - T2 Paris, secteur soviétique|Duval, Pécau, Séjourné|Delcourt|||9782756018683|fr|
Jour J - T3 Septembre rouge|Duval, Pécau, Calvez|Delcourt|||9782756018645|fr|
Jour J - T4 Octobre noir|Duval, Pécau, Calvez|Delcourt|||9782756020112|fr|
Jour J - T5 Qui a tué le président|Duval, Pécau, Wilson|Delcourt|||9782756018676|fr|
Jour J - T6 L'imagination au pouvoir|Duval, Pécau, Mr Fab|Delcourt|2011||9782756024783|fr|
Kador (1)|Binet|Les albums Fluide Glacial|1984|2858150443||fr|
Kador (2) |Binet|Les albums Fluide Glacial|1985|2858150400||fr|
Kenya - T1 Apparitions|Rodolphe, Léo|Dargaud|||9782205051971|fr|
Kenya - T2 Rencontres|Rodolphe, Léo|Dargaud|||9782205053357|fr|
Kenya - T3 Aberrations|Rodolphe, Léo|Dargaud|||9782205054996|fr|
Kenya - T4 Interventions|Rodolphe, Léo|Dargaud|||9782205057126|fr|
Kick-Ass - T1 Le premier VRAI super-héros|Mark Millar, John Romita Jr.|Panini  Comics|||9782809409994|fr|
Kick-Ass - T2 Brume Rouge|Mark Millar, John Romita Jr.|Panini  Comics|||9782809415605|fr|
Kid Paddle (4)|Midam|Dupuis|1998|2800127449|9782800127446|fr|
Kookaburra (1) Planète Dakoï|Crisse|Soleil|||9782877645638|fr|
L'Appel de l'Espace|Will Eisner|Delcourt|||9782756022086|fr|
L'arche (2) Frankenstein|Félix, Mallié, Rieu|Soleil|||9782845656574|fr|
L'Armure du Jakolass - Valérian par Manu Larcenet|Manu Larcenet|Dargaud|2011||9782205067583|fr|
L'Art de la BD - T1 Du scénario à la réalisation|Duc|Glénat|||9782723402521|fr|
L'Art de la BD - T2 La Technique du dessin|Duc|Glénat|||9782723403900|fr|
L'Art Invisible|Scott McCloud|Vertige Graphic|||9782908981414|fr|
L'aventure Cousteau - Le galion englouti|Sérafini, Paccalet|Robert Laffont|||9782221051504|fr|
L'aventure Cousteau - Les pièges de la mer|Sérafini, Paccalet|Robert Laffont|||9782221052716|fr|
L'aventure Cousteau - L'île aux requins|Sérafini, Paccalet|Robert Laffont|||9782221045008|fr|
L'écume des jours|Morvan, Marion Mousse|Delcourt|||9782756021638|fr|
La bande à Tchô (bleu)|(nombreux auteurs)|Glénat pour BP France||||fr|
La bande à Tchô (orange)|(nombreux auteurs)|Glénat pour BP France||||fr|
La bande à Tchô (violet)|(nombreux auteurs)|Glénat pour BP France||||fr|
La Guerre Eternelle - Edition intégrale|Marvano, Haldeman|Dupuis||280012640X|9782800126401|fr|
La légende de robin des bois|Manu Larcenet|Dargaud|||9782205054965|fr|
La Loi des Séries|Manu Larcenet|Fluide Glacial|||9782858150571|fr|
Lanfeust de Troy (01) L'ivoire du Magohamoth|Arleston, Tarquin|Soleil|||9782877642576|fr|
Lanfeust de Troy (02) Thanos L'incongru|Arleston, Tarquin|Soleil|||9782877643061|fr|
Lanfeust de Troy (03) Castel Or-Azur|Arleston, Tarquin|Soleil|||9782877643948|fr|
Lanfeust de Troy (04) Le Paladin D'Eckmül|Arleston, Tarquin|Soleil|||9782877645669|fr|
Lanfeust de Troy (05) Cixi Impératrice|Arleston, Tarquin|Soleil|||9782877647953|fr|
Lanfeust de Troy (05) Le Frisson de L'haruspice|Arleston, Tarquin|Soleil|||9782877646468|fr|
Lanfeust de Troy (06) Les Pétaures se cachent pour mourir|Arleston, Tarquin|Soleil|||9782877649230|fr|
Lanfeust de Troy (08) La bête fabuleuse|Arleston, Tarquin|Soleil|||9782845650336|fr|
Lanfeust des Etoiles (1) Un, deux... Troy|Arleston, Tarquin|Soleil|||9782845655065|fr|
Lanfeust des Etoiles (2) Les tours de Meirrion|Arleston, Tarquin|Soleil|||9782845654051|fr|
Lanfeust des Etoiles (3) Les sables d'Abraxar|Arleston, Tarquin|Soleil|||9782845656833|fr|
Largo Winch (01) L'héritier|Philippe Franck, Jean Van Hamme|Dupuis||2800132108||fr|
Largo Winch (02) Le groupe W|Philippe Franck, Jean Van Hamme|Dupuis|||9782800118321|fr|
Largo Winch (03) O.P.A.|Philippe Franck, Jean Van Hamme|Dupuis|||9782800119472|fr|
Largo Winch (04) Business Blues|Philippe Franck, Jean Van Hamme|Dupuis|||9782800120461|fr|
Largo Winch (05) H|Philippe Franck, Jean Van Hamme|Dupuis|||9782800121277|fr|
Largo Winch (06) Dutch connection|Philippe Franck, Jean Van Hamme|Dupuis|||9782800122014|fr|
Largo Winch (07) la forteresse de Makiling|Philippe Franck, Jean Van Hamme|Dupuis|||9782800123073|fr|
Largo Winch (08) L'heure du tigre|Philippe Franck, Jean Van Hamme|Dupuis|||9782800124445|fr|
Largo Winch (09) Voir Venise...|Philippe Franck, Jean Van Hamme|Dupuis|||9782800126289|fr|
Largo Winch (10) … ET Mourir|Philippe Franck, Jean Van Hamme|Dupuis|||9782800128498|fr|
Largo Winch (11) Golden Gate|Philippe Franck, Jean Van Hamme|Dupuis|||9782800129815|fr|
Largo Winch (12) Shadow|Philippe Franck, Jean Van Hamme|Dupuis|||9782800131238|fr|
Largo Winch (13) Le prix de l'argent|Philippe Franck, Jean Van Hamme|Dupuis|||9782800133874|fr|
Largo Winch (14) La loi du dollar|Philippe Franck, Jean Van Hamme|Dupuis|||9782800135366|fr|
Largo Winch (15) les trois yeux  des gardiens du tao|Philippe Franck, Jean Van Hamme|Dupuis|||9782800138619|fr|
Largo Winch (16) La voie et la vertu|Philippe Franck, Jean Van Hamme|Dupuis|||9782800140704|fr|
Le chant des stryges - T01 Ombres|Corbeyran, Guerineau, Merlet|Delcourt|||9782847895391|fr|
Le chant des stryges - T02 Pièges|Corbeyran, Guerineau, Merlet|Delcourt|||9782847895407|fr|
Le chant des stryges - T03 Emprises|Corbeyran, Guerineau, Merlet|Delcourt|||9782847895469|fr|
Le chant des stryges - T04 Experiences|Corbeyran, Guerineau, Merlet|Delcourt|||9782847895476|fr|
Le chant des stryges - T05 Vestiges|Corbeyran, Guerineau, Ruby|Delcourt|||9782847896138|fr|
Le chant des stryges - T06 Existences|Corbeyran, Guerineau, Ruby|Delcourt|||9782847896145|fr|
Le chant des stryges - T07  Rencontres|Corbeyran, Guerineau, Ruby|Delcourt|||9782847894844|fr|
Le chant des stryges - T08 Defis|Corbeyran, Guerineau, Ruby|Delcourt|||9782847894608|fr|
Le chant des stryges - T09 Révélations|Corbeyran, Guerineau, Favrelle|Delcourt|||9782847898323|fr|
Le chant des stryges - T10 Manipulations|Corbeyran, Guerineau, Favrelle|Delcourt|||9782756002682|fr|
Le chant des stryges - T11 Cellules|Corbeyran, Guerineau, Hédon|Delcourt|||9782756005768|fr|
Le chant des stryges - T12 Chutes|Corbeyran, Guerineau, Hédon|Delcourt|||9782756011783|fr|
Le Chat du Rabbin (1) a Bar-Mitsva|Joann Sfar|Dargaud|||9782205052077|fr|
Le Chat du Rabbin (2) Le Malka des Lions|Joann Sfar|Dargaud|||9782205053692|fr|
Le Chat du Rabbin (3) L'Exode|Joann Sfar|Dargaud|||9782205054972|fr|
Le Chat du Rabbin (4) Le  Paradis terrestre|Joann Sfar|Dargaud|||9782205057256|fr|
Le combat ordinaire - T1|Manu Larcenet|Dargaud|||9782205054255|fr|
Le combat ordinaire - T2 Les quantités négligeables|Manu Larcenet|Dargaud|||9782205055894|fr|
Le combat ordinaire - T3 Ce qui est précieux|Manu Larcenet|Dargaud|||9782205057911|fr|
Le combat ordinaire - T3 Ce qui est précieux|Manu Larcenet|Dargaud|||9782205057901|fr|
Le combat ordinaire - T4 Planter des clous|Manu Larcenet|Dargaud|||9782205061406|fr|
Le complexe du chimpanzé - T1 paradoxe|Marazano, ponzio|Dargaud|||9782205059038|fr|
Le complexe du chimpanzé - T2 Les fils d'arès|Marazano, ponzio|Dargaud|||9782205059946|fr|
Le complexe du chimpanzé - T3 Civilisation|Marazano, ponzio|Dargaud|||9782205060218|fr|
Le Cycle de Cyann -  La Source et la Sonde - T1|Bourgeon, Lacroix|Casterman|||9782203388574|fr|
Le Fléau - T1 Captain Trips|Stephen King, Aguirre Sacasa, Perkins, Martin|Delcourt|||9782756021294|fr|
Le Fléau - T2 L'Homme sans visage|Stephen King, Aguirre Sacasa, Perkins, Martin|Delcourt|||9782756021300|fr|
Le Fléau - T3 Le cauchemard Américain|Stephen King, Aguirre Sacasa, Perkins, Martin|Delcourt|||9782756022215|fr|
Le Grand Mort (1) Larmes d'abeille|Loisel, Mallié, JB Djian, Lapierre|Vents d'Ouest|||9782749302683|fr|
Le Grand Mort (2) Pauline...|Loisel, Mallié, JB Djian, Lapierre|Vents d'Ouest|2008||9782749303949|fr|
Le Grand Mort (3) Blanche|Loisel, Mallié, JB Djian, Lapierre|Vents d'Ouest|2011||9782749305950|fr|
Le Protocole Pélican (01)|Marazano, Ponzio|Dargaud|2011||9782205063332|fr|
Le Protocole Pélican (02)|Marazano, Ponzio|Dargaud|2012||9782205067071|fr|
Le Protocole Pélican (03)|Marazano, Ponzio|Dargaud|2013||9782205067903|fr|
Le Régulateur|Corbeyran, Moreno|Delcourt|||9782840556886|fr|
Le retour à la terre (1) La Vraie Vie|Jean-Yves Ferri, Manu Larcenet|Dargaud|||9782205057331|fr|
Le retour à la terre (2) Les Projets|Jean-Yves Ferri, Manu Larcenet|Dargaud|||9782205057324|fr|
Le retour à la terre (3) Le Vaste Monde|Jean-Yves Ferri, Manu Larcenet|Dargaud|||9782205056259|fr|
Le retour à la terre (4) Le  Déluge|Jean-Yves Ferri, Manu Larcenet|Dargaud|||9782205058147|fr|
Le retour à la terre (5) Les Révolutions|Jean-Yves Ferri, Manu Larcenet|Dargaud|||9782205062359|fr|
Le Triangle Secret - L'intégrale|Didier Convard, André Juillard, Denis Falque, Christian Gine, Pierre Wachs, Gilles Chaillet, Eric Stalner, Jean-Charles Kraehn, Patrick Jusseaume, Paul|Glénat|||9782723461429|fr|
Léonard (05) Génie à toute Heure|Turk & De Groot|Le Lombard|2000|280361524X|9782803615247|fr|
Léonard (10) La Guerre Des Génies|Turk & De Groot|Dargaud|1996|2205032178|9782205032178|fr|
Léonard (28) Génie Toujours prêt !|Turk & De Groot|Editions Appro|1998||9782884250122|fr|
Léonard est un génie (1)|De Groot, Turk|Dargaud|||9782205032086|fr|
Les Aquanautes - T1-T2-T3|Parnotte, Mallié, Rieu|Soleil|||9782845653796|fr|
Les Aquanautes - T4 Le diodon|Parnotte, Mallié, Rieu|Soleil|||9782845659162|fr|
Les Aventures de Blake et Mortimer (14) La Machination Voronov |Yves Sente, André Juillard|Edition Blake et Mortimer|||9782870970522|fr|
Les Aventures de Blake et Mortimer (A) L'affaire Francis Blake|Jan Van Hamme, Ted Benoit|Edition Blake et Mortimer||2870970439|9782870970485|fr|
Les aventures de Philip et Francis - T1 Menaces sur l'empire|Pierre Veys, Nicolas Barral|Dargaud|||9782205054576|fr|
Les aventures de Philip et Francis - T2 le piège machiavélique|Pierre Veys, Nicolas Barral|Dargaud|||9782205058437|fr|
Les aventures de Rik et Aléka|Calza|Libre Bulle||2940074992||fr|
Les aventures de Spirou et Fantasio (30) La Ceinture du Grand Froid|Nic, Cauvin|Dupuis|1983|2800109777|5410983217008|fr|
Les Aventures de Tintin (0?) Le trésor de Rackham le Rouge|Hergé|Casterman|1947|||fr|B35 1964
Les Aventures de Tintin (05) Le Lotus Bleu|Hergé|Casterman|1946|||fr|B35 1964
Les Aventures de Tintin (14) Le Temple du Soleil|Hergé|Casterman|1949|||fr|B39 1971
Les Aventures de Tintin (16) Objectif Lune|Hergé|Casterman|1953|||fr|B35 1964
Les Aventures de Tintin (17) On a marché sur la Lune|Hergé|Casterman|1954|||fr|B35 1964
Les Aventures de Tintin (19) Coke en Stock|Hergé|Casterman|1958|||fr|B38bis 1969
Les Aventures de Tintin (9) Le crabe aux pinces d'or|Hergé|Casterman|1947|||fr|B35 1964
Les aventures du Gottferdom Studio - Indiana Dom|dav|Soleil|||9782302003774|fr|
Les aventures du Gottferdom Studio - Le Fainéant des Anneaux|dav|Soleil|||9782849461136|fr|
Les Carottes sont cuites|Petillon|Les humanoïdes associés|1980|273160025X||fr|
Les Clés de la Bande Dessinée - T1 L'Art séquentiel|Will Eisner|Delcourt|||9782756019833|fr|
Les cosmonautes du futur (1)|Lewis Trondheim, Manu Larcenet|Dargaud|||9782205049138|fr|
Les cosmonautes du futur (2) Le Retour|Lewis Trondheim, Manu Larcenet|Dargaud|||9782205050783|fr|
Les cosmonautes du futur (3) Résurrection|Lewis Trondheim, Manu Larcenet|Dargaud|||9782205052930|fr|
Les Entremondes (1) Lazarr|Patrice Larcenet, Manu Larcenet|Dargaud|||9782205049824|fr|
Les Entremondes (2) Les eaux lourdes|Patrice Larcenet, Manu Larcenet|Dargaud|||9782205050790|fr|
Les Femmes en Blanc (5) J'étais infirme hier|Bercovici, Cauvin|Dupuis|2004|2800136162|9782800136165|fr|
Les mondes d'Aldebaran - Aldebaran - T1 La catastrophe|Léo|Dargaud|||9782205049671|fr|
Les mondes d'Aldebaran - Aldebaran - T1 La catastrophe|Léo|Dargaud|||9782205049671|fr|
Les mondes d'Aldebaran - Aldebaran - T2 La blonde|Léo|Dargaud|||9782205049688|fr|
Les mondes d'Aldebaran - Aldebaran - T3 La photo|Léo|Dargaud|||9782205049695|fr|
Les mondes d'Aldebaran - Aldebaran - T4 La créature|Léo|Dargaud|||9782205049718|fr|
Les mondes d'Aldebaran - Aldebaran - T4 Le groupe|Léo|Dargaud|||9782205049701|fr|
Les mondes d'Aldebaran - Antarès (01) Episode 1|Léo|Dargaud|||9782205058895|fr|
Les mondes d'Aldebaran - Antarès (02) Episode 2|Léo|Dargaud|||9782205061857|fr|
Les mondes d'Aldebaran - Antarès (03) Episode 3|Léo|Dargaud|||9782205063714|fr|
Les mondes d'Aldebaran - Antarès (04) Episode 4|Léo|Dargaud|||9782205067651|fr|
Les mondes d'Aldebaran - Antarès (05) Episode 5|Léo|Dargaud|2013||9782205071276|fr|
Les mondes d'Aldebaran - Betelgeuse - T1 La planète|Léo|Dargaud|||9782205049022|fr|
Les mondes d'Aldebaran - Betelgeuse - T2 Les survivants|Léo|Dargaud|||9782205049879|fr|
Les mondes d'Aldebaran - Betelgeuse - T3 L'expédition|Léo|Dargaud|||9782205052312|fr|
Les mondes d'Aldebaran - Betelgeuse - T4 Les cavernes|Léo|Dargaud|||9782205054750|fr|
Les mondes d'Aldebaran - Betelgeuse - T5 L'autre|Léo|Dargaud|||9782205056365|fr|
Les mondes d'Aldebaran - Survivants - Episode 1 Anomalies Quantiques|Léo|Dargaud|||9782205065244|fr|
Les mondes d'Aldebaran - Survivants - Episode 2 Anomalies Quantiques|Léo|Dargaud|2012||9782205069969|fr|
Les naufragés du temps (1) L'étoile endormie|Jean-Claude Forest, Paul Gillon|Glénat|2008||9782723461474|fr|
Les p'tits Diables - T2 C'est pas nous !|Dutto|Soleil|||9782845658257|fr|
Les p'tits Diables - T4 Attention, Frère stupide !|Dutto|Soleil|||9782849462461|fr|
Les petits ruisseaux|Rabaté|Futuropolis|||9782754800167|fr|
Les Superhéros injustement méconnus|Manu Larcenet|Fluide Glacial|||9782858152919|fr|
Minimal|Manu Larcenet|Fluide Glacial|||9782858154722|fr|
Monster (1) Herr Doktor Tenma|Naoki Urasawa|Kana|||9782871293668|fr|
Monster (2) Surprise Party|Naoki Urasawa|Kana|||9782871293675|fr|
Monster (3) 511 Kinderheim|Naoki Urasawa|Kana|||9782871294139|fr|
Monster (4) L'Amie d'ayse|Naoki Urasawa|Kana|||9782871294252|fr|
Monster Allergy (1) Coup de Poudre|Centomo, Artibani, Barbucci, Canepa|Soleil|2003|2845653751|9782845653757|fr|
Monster Allergy (6) Charlie Schuster arrive !|Centomo, Artibani, Coppola|Soleil|2004|284565863X|9782845568639|fr|
Mouchakaka - T1 Vous faites caca ? Vous allez aimer !|Bebb|Nomad|||9782302009301|fr|
Mouchakaka - T2 La Lune, un jour, nous y marcherons|Bebb|Nomad|||9782302013292|fr|
Nabuchodinosaure (1) Prélude à l'apeupréhistoire|Widenlocher, Herle|Dargaud||2882570120|9782882570123|fr|
Nausicaä de la Vallée du vent - T1|Hayao Miyazaki|Glénat|||9782723432979|fr|
Nausicaä de la Vallée du vent - T2|Hayao Miyazaki|Glénat|||9782723433907|fr|
Nausicaä de la Vallée du vent - T3|Hayao Miyazaki|Glénat|||9782723433914|fr|
Nausicaä de la Vallée du vent - T4|Hayao Miyazaki|Glénat|||9782723433921|fr|
Nausicaä de la Vallée du vent - T5|Hayao Miyazaki|Glénat|||9782723433938|fr|
Nausicaä de la Vallée du vent - T6|Hayao Miyazaki|Glénat|||9782723433945|fr|
Nausicaä de la Vallée du vent - T7|Hayao Miyazaki|Glénat|||9782723433952|fr|
New York Trilogie - T1 La Ville|Will Eisner|Delcourt|||9782756009513|fr|
New York Trilogie - T2 L'Immeuble|Will Eisner|Delcourt|||9782756009520|fr|
New York Trilogie - T3 Les Gens|Will Eisner|Delcourt|||9782756009537|fr|
Nic Oumoul (1) Total souk pour Nic Oumouk|Manu Larcenet|Dargaud|||9782205056860|fr|
Nic Oumoul (2) La France a peur de Nic Oumouk|Manu Larcenet|Dargaud|||9782205059977|fr|
One Piece (1) A l'aubde d'une grande aventure|Eiichiro Oda|Glénat|||9782723433358|fr|
One Piece (2) Aux prises avec Baggy et ses Hommes|Eiichiro Oda|Glénat|||9782723434317|fr|
One Piece (3) Piété Filiale|Eiichiro Oda|Glénat|||9782723434805|fr|
One Piece (4) Un Chemin en pente raide|Eiichiro Oda|Glénat|||9782723434812|fr|
One Piece (5) Pour qui sonne le glas|Eiichiro Oda|Glénat|||9782723434829|fr|
One Piece (6) La Grande promesse|Eiichiro Oda|Glénat|||9782723435604|fr|
Où le regard ne porte pas... (1)|Georges Abolin, Olivier Pont|Dargaud|||9782205050929|fr|
Où le regard ne porte pas... (2)|Georges Abolin, Olivier Pont|Dargaud|||9782205050981|fr|
Pandora Box - T1 l'orgueil|Pagot, Alcante|Depuis|||9782800136271|fr|
Paul à la campagne|Michel Rabagliati|la Pastèque|||9782922585018|fr|
Paul à la pêche|Michel Rabagliati|la Pastèque|||9782922585391|fr|
Paul à Québec|Michel Rabagliati|la Pastèque|||9782922585704|fr|
Paul a un travail d'été|Michel Rabagliati|la Pastèque|||9782922585087|fr|
Paul au parc|Michel Rabagliati|la Pastèque|2011||9782923841052|fr|
Paul en appartement|Michel Rabagliati|la Pastèque|||9782922585223|fr|
Peu de gens savent|Manu Larcenet|Les rêveurs|2010||9782912747525|fr|
Preacher - T1 Mort ou Vif|Garth Ennis, Steve Dillon|Panini  Comics|||9782845389274|fr|
Preacher - T2 Jusqu'à la fin du monde|Garth Ennis, Steve Dillon|Panini  Comics|||9782809400779|fr|
Preacher - T3 Fiers Américains|Garth Ennis, Steve Dillon|Panini  Comics|||9782809402520|fr|
Preacher - T4 Histoire Ancienne|Garth Ennis,Steve Pugh, Carlos Ezquerra, Richard Case|Panini  Comics|||9782809403886|fr|
Preacher - T5 Les Enfants du Sang|Garth Ennis, Steve Dillon|Panini  Comics|||9782809406764|frf|
Prométhée - T1 Atlantis|Christophe Bec|Soleil|||9782302004429|fr|
Prométhée - T2 Blue Beam Project|Christophe Bec|Soleil|||9782302006744|fr|
QRN sur Bretzelburg - L'intégrale|Franquin, Greg|Dupuis|1987|2800115580|9782800115580|fr|
Raise The Dead (1) Le commencement de la fin|Leah Moore, John Reppion, Hugo Petrus, Marc Rueda|Soleil US Comics|2011||9782302017054|fr|
Rantanplan - Les cerveaux|Morris, Vittorio, de Groot|Dargaud||2884711015||fr|
Réinventer la Bande Dessinée|Scott McCloud|Vertige Graphic|||9782908981582|fr|
Robin Hood (01) Merriadek|Brrémaud & Loche|Soleil|2002||9782845652958|fr|
Robin Hood (02) Morrigane|Brrémaud & Loche|Soleil|2003||9782845654143|fr|
Robin Hood (03) Robin|Brrémaud & Loche|Soleil|2004||9782845657410|fr|
Rückkehr vom Planet der Schweine – Neues vom Wunderwarzenschwein|Gilbert Shelton|Rotbuch Verlag||3880228019||de|
Silex et Boa|Bercovici, Corteggiani|Glénat Concept pour GDF||||fr|
Simon's Cat (04) Envers et contre tous !|Simon Tofield|Fleuve noir|||9782265093829|fr|
Soyons fous - Tome 1|Manu Larcenet|Fluide Glacial|||9782858154449|fr|
Soyons fous - Tome 2|Manu Larcenet|Fluide Glacial|||9782858153152|fr|
Structura - the art of sparth|sparth|Design Studio Press||1933492252|9781933492254|en|
Terres Lointaines - Episode 1|Leo, Icar|Dargaud|||9782205060423|fr|
Terres Lointaines - Episode 2|Leo, Icar|Dargaud|||9782205061758|fr|
THE Plus Beau Métier du Monde - Emilie, graine de génie|Soph'|Paquet|||9782888902928|fr|
The Walking Dead (01) Passe decompose|Robert Kirkman,Tony Moore,Charlie Adlard,Edmond Tourriol|Delcourt||2756009121|9782756009124|fr|
The Walking Dead (02) Cette vie derriere nous|Robert Kirkman,Charlie Adlard|Delcourt||2756009725|9782756009728|fr|
The Walking Dead (03) Sains et saufs ?|Robert Kirkman,Charlie Adlard|Delcourt|||9782756012834|fr|
The Walking Dead (04) Amour et mort|Robert Kirkman,Charlie Adlard|Delcourt|||9782756013336|fr|
The Walking Dead (05) Monstrueux|Robert Kirkman,Charlie Adlard|Delcourt|||9782756014685|fr|
The Walking Dead (06) Vengeance|Robert Kirkman,Charlie Adlard|Delcourt|||9782756014692|fr|
The Walking Dead (07) Dans l'oeil du cyclone|Robert Kirkman,Charlie Adlard|Delcourt|||9782756017235|fr|
The Walking Dead (08) Une vie de souffrance|Robert Kirkman,Charlie Adlard|Delcourt|||9782756017242|fr|
The Walking Dead (09) Ceux qui restent|Robert Kirkman,Charlie Adlard|Delcourt|||9782756017259|fr|
The Walking Dead (10) vers quel avenir|Robert Kirkman,Charlie Adlard|Delcourt|||9782756021096|fr|
The Walking Dead (11) Les chasseurs|Robert Kirkman,Charlie Adlard|Delcourt|||9782756021102|fr|
The Walking Dead (12) Un monde parfait|Robert Kirkman,Charlie Adlard|Delcourt|||9782756021119|fr|
The Walking Dead (13) Point de non-retour|Robert Kirkman,Charlie Adlard|Delcourt|||9782756025056|fr|
The Walking Dead (14) Piegés|Robert Kirkman,Charlie Adlard|Delcourt|||9782756025063|fr|
The Walking Dead (15) Deuil & Espoir|Robert Kirkman,Charlie Adlard|Delcourt|2012||9782756028729|fr|
The Walking Dead (16) un vaste monde|Robert Kirkman,Charlie Adlard|Delcourt|2012||9782756028736|fr|
The Walking Dead (17) Terrifiant|Robert Kirkman,Charlie Adlard|Delcourt|2013||9782756037981|fr|
The Walking Dead (18) Lucille...|Robert Kirkman,Charlie Adlard|Delcourt|2013||9782756039572|fr|
Titeuf (4) C'est pô juste...|Zep|Glénat||2723418405|9782723418409|fr|
Titeuf (7) le miracle de la vie|Zep|Glénat||2723426548|9782723426541|fr|
Tonton Marcel capitaine d'industrie|Régis Franc|Casterman|1983|2203334169||fr|
Tous les chemins mènent au Rhum|Stéphane Collaro, Match3|Dargaud Editeur|1979|2205015974||fr|
Transmetropolitan (01) Le come-back du siècle|Warren Ellis, Darick Robertson|Panini  Comics|||9782809407563|fr|
Transmetropolitan (02) La nouvelle racaille|Warren Ellis, Darick Robertson|Panini  Comics|||9782809402537|fr|
Transmetropolitan (03) Seul dans la ville|Warren Ellis, Darick Robertson|Panini  Comics|||9782809404340|fr|
Transmetropolitan (04) Eloge funèbre|Warren Ellis, Darick Robertson|Panini  Comics|||9782809410402|fr|
Transmetropolitan (05) Le remède|Warren Ellis, Darick Robertson|Panini  Comics|||9782809408751|fr|
Transmetropolitan (06) Une dernière fois|Warren Ellis, Darick Robertson|Panini  Comics|||9782809412321|fr|
Troiou-Kaer Spirou Ha Fantasio - An Ankou|Gant, Fournier|Dupuis|1978|2800106220||breton|
Trolls de Troy (1) Histoires Trolles|Arleston, Mourier|Soleil|||9782877645911|fr|
Trolls de Troy (10) Les enragés du Darshan (II)|Arleston, Mourier|Soleil|||9782849468500|fr|
Trolls de Troy (2) Le Scalp du Vénérable|Arleston, Mourier|Soleil|||9782877647120|fr|
Trolls de Troy (3) Comme un vol de Pétaures|Arleston, Mourier|Soleil|||9782877648493|fr|
Trolls de Troy (4) Le Feu occulte|Arleston, Mourier|Soleil|||9782845650008|fr|
Trolls de Troy (5) Les maléfices de la Thaumaturge|Arleston, Mourier|Soleil|||9782845651760|fr|
Trolls de Troy (6) Trolls dans la brume|Arleston, Mourier|Soleil|||9782845653733|fr|
Trolls de Troy (7) Plume de Sage|Arleston, Mourier|Soleil|||9782845654822|fr|
Trolls de Troy (9) Les prisonniers du Darshan (I)|Arleston, Mourier|Soleil|||9782849464984|fr|
Tu mourras moins bête (1) La science c'est pas du cinéma|Marion Montaigne|Ankama Editions|||9782359102208|fr|
Tu mourras moins bête (2) Quoi de neuf docteur moustache|Marion Montaigne|Ankama Editions|||9782359102932|fr|
Une Aventure d'Astérix le Gaulois|Uderzo, Goscinny|Dargaud Editeur|1961|||fr|
Une Aventure d'Astérix le Gaulois - Astérix aux Jeux Olympiques|Uderzo, Goscinny|Dargaud Editeur|1968|||fr|
Une Aventure d'Astérix le Gaulois - Astérix chez les Belges|Uderzo, Goscinny|Dargaud|1992|2205011502|9782205011500|fr|
Une Aventure d'Astérix le Gaulois - Astérix chez les bretons|Uderzo, Goscinny|Dargaud Editeur|1966|||fr|
Une Aventure d'Astérix le Gaulois - Astérix et les normands|Uderzo, Goscinny|Dargaud Editeur|1966|||fr|
Une Aventure d'Astérix le Gaulois - Astérix Légionnaire|Uderzo, Goscinny|Dargaud Editeur|1967|||fr|
Une Aventure d'Astérix le Gaulois - En Hispanie|Uderzo, Goscinny|Dargaud Editeur|1969|||fr|
Une Aventure d'Astérix le Gaulois - Gladiateur|Uderzo, Goscinny|Dargaud Editeur|1964|||fr|
Une Aventure d'Astérix le Gaulois - La Serpe d'or|Uderzo, Goscinny|Dargaud Editeur|1963|||fr|
Une Aventure d'Astérix le Gaulois - La Zizanie|Uderzo, Goscinny|Dargaud Editeur|1970|||fr|
Une Aventure d'Astérix le Gaulois - Le combat des chefs|Uderzo, Goscinny|Dargaud Editeur|1966|||fr|
Une Aventure d'Astérix le Gaulois - le tour de Gaule d'Astérix|Uderzo, Goscinny|Dargaud Editeur|1963|||fr|
Une Aventure d'Astérix le Gaulois - Les Lauriers de César|Uderzo, Goscinny|Dargaud Editeur|1972|||fr|
Une aventure rocambolesque de Sigmund Freud - Le temps de chien|Manu Larcenet|Dargaud|||9782205052916|fr|
Une aventure rocambolesque de Vincent Van Gogh - La ligne de front|Manu Larcenet|Dargaud|||9782205054668|fr|
Universal War One - T1 La génèse|Bajram|Quadrant Solaire|||9782849465356|fr|
Universal War One - T2 Le fruit de la connaissance|Bajram|Soleil|||9782845658271|fr|
Universal War One - T3 Gaïn et Abel|Bajram|Soleil|||9782845650374|fr|
Universal War One - T4 Le déluge|Bajram|Soleil|||9782845652347|fr|
Universal War One - T5 Babel|Bajram|Soleil|||9782845654068|fr|
Universal War One - T6 Le patriarche|Bajram|Quadrant Solaire|||9782849460955|fr|
Universal War Two - T1 Le temps du désert|Bajram|Casterman|2013||9782203058620|fr|
V pour Vendetta - Edition intégrale (dédicacée)|Alan Moore, David Lloyd|Delcourt|||9782840552635|fr|
VALERIAN – Les spectres d'Inverloch|J.-C. Mezieres, P. Christin|Dargaud|1984|2205025171||fr|
Victorian Unded (1) Sherlock Holmes contre les Zombies|Ian Edginton, Davide Fabbri|Panini  Comics|2011||9782809420753|fr|
Will - T1 'Y a des jours comme ça !|Bianco|Soleil|||9782845654464|fr|
Will - T2 Si vous croyez que c'est facile !|Bianco|Soleil|||9782845656369|fr|
Y : le dernier homme - T01 No Man's Land|Brian K. Vaughan, Pia Guerra, José Marzan Jr|Panini  Comics|||9782809405361|fr|
Y : le dernier homme - T02 Un Petit Coin de Paradis|Brian K. Vaughan, Pia Guerra, José Marzan Jr|Panini  Comics|||9782809405385|fr|
Y : le dernier homme - T03 Un Petit Pas|Brian K. Vaughan, Pia Guerra, José Marzan Jr|Panini  Comics|||9782845388536|fr|
Y : le dernier homme - T04 Stop / Encore|Brian K. Vaughan, Pia Guerra, José Marzan Jr|Panini  Comics|||9782845389557|fr|
Y : le dernier homme - T05 Alliance Contre Nature|Brian K. Vaughan, Pia Guerra, José Marzan Jr|Panini  Comics|||9782809400557|fr|
Y : le dernier homme - T06 Entre Filles|Brian K. Vaughan, Pia Guerra, José Marzan Jr|Panini  Comics|||9782809402735|fr|
Y : le dernier homme - T07 Le Scoop|Brian K. Vaughan, Pia Guerra, José Marzan Jr|Panini  Comics|||9782809404098|fr|
Y : le dernier homme - T08 Monnaie de Singe|Brian K. Vaughan, Pia Guerra, José Marzan Jr|Panini  Comics|||9782809406849|fr|
Y : le dernier homme - T09 Terre Mère|Brian K. Vaughan, Pia Guerra, José Marzan Jr|Panini  Comics|||9782809408638|fr|
Y : le dernier homme - T10 Trajets d'Y|Brian K. Vaughan, Pia Guerra, José Marzan Jr|Panini  Comics|||9782809412505|fr|
Y'a un truc !|Quino|Glénat Humour|2004|2723446816||fr|
Zéro Absolu (01) Programme Siberia|Christophe Bec, Richard Marazano, Homer Reyes|Soleil|2006||9782845659902|fr|
Zombies (01) La divine Comédie|Peru, Cholet, Champelovier|Soleil|||9782302011151|fr|
Zombies (02) De la Brièveté de la Vie|Peru, Cholet, Champelovier|Soleil|2011||9782302016279|fr|
